;text;tags
1;Hi! Update your email id through WhatsApp: https://wa.me/message/SIAJ2QKMIOVEI1 or head to Vi App https://bit.ly/371QhWe. This will help as ID verification in case of any SIM related needs.;['alert']
2;Lucknow ya Kolkata ? - watch it LIVE with Vi cricket pack  RC 499 - 2GB/day+Unlimited Calls+1year Disney+ Hotstar mobile pack. https://bit.ly/VHST1;['promotional']
3;Mohd,Check the incredible Acko insurance policy you just bought on Zomato, and add a nominee to it here https://acko.in/t/zwWJOO Save this link for quick access to your policy.;['transactional']
4;Hi! You can now get your Vi prepaid invoice emailed to you, simply click https://wa.me/message/5GA7LYJN5IETD1 or visit Vi App at https://bit.ly/3IIQ9J8;['transactional']
5;ONLY on Rs299! Recharge NOW with Rs299 & get EXTRA 500MB Data Daily. 299:2GB/Day + Unlimited Calls for 28 Days. Click bit.ly/Vi121NAT;['promotional']
6;<#> 704982 is your Zomato verification code. Enjoy :-) tzq5yFMlr4q;['otp']
7;Received Rs.600.00 in your a/c 91XX3635 from One97 Communications Limited on 6-5-2022.Ref no: 5C05RA03uMM5. Queries? Call 01204456456 :PPBL;['alert','transactional']
8;Count#1: Rs 600 paid by 98XXXX4000 at 12:20 AM. It will settle to your bank by 7 am tomorrow or you can transfer now.Visit b.paytm.me :Paytm;['alert','transactional']
9;<#> 388779 is your Zomato verification code. Enjoy :-) tzq5yFMlr4q;['otp']
10;Rs.209.0 for Vodafone Idea, Mobile Number 9517990472, on 6 May 2022 11:59 PM charged to your Simpl account. Payment may take up to 3 days to reflect in your biller account. You can use the Operator ID UER2205062359280010 to check the status of your transaction with the biller.;['alert','transactional']
11;Rs209 recharged! Enjoy Unlimited Calls to All Networks + 4 GB Data + 100 SMS/Day. Valid for 28 Days. Click bit.ly/GetViApp to check balance,expiry,offers & more;['transactional','promotional']
12;Simpl OTP: 2083 Unless opted-out, you agree to receive Simpl bill reminder via WhatsApp.;['otp']
13;"Dear Mohd salman, Thanks for registering with Zomato. Earn upto Rs. 18000 per month.Join now to get Extra Bonus of 1000. Please download the app and register https://www.zomato.com/deliver-food/?d=t. Watch this video to know more: https://youtu.be/5SpXmdITXDo""";['promotional']
14;Rs.188.0 on Zomato charged via Simpl.Food, groceries, commute, or medicines. Buy Now, Pay Later via Simpl. Know More: https://click.getsimpl.com/vyhm/5b611f85;['transactional']
15;Your verification OTP on Zomato is 869692. -ZOMATO;['otp']
16;59039200,Use 802667 for two-factor authentication on Facebook.;['otp']
17;Your Messenger verification code is G-694665;['otp']
18;282629 is the OTP to login to your Zomato account. DO NOT disclose it to anyone. AlOe4TVDpqm;['otp']
19;Your Uber code is 1599. Never share this code. qlRnn4A1sbt;['otp']
20;Use [64547008] as One Time Password to login to your Swiggy Account pgLJ0BdTNB3;['otp']
21;Use OTP 459679 to log into your Swiggy account. Do not share the OTP or your number with anyone including Swiggy personnel!;['otp']
22;Dear Customer, registration for Google Pay has started for ICICI Bank. If it was not you, report to your bank. Do not share card details/OTP/CVV with anyone.;['otp']
23;Your Google verification code is 837550;['otp']
24;You have initiated the registration for UPI payments on PhonePe. If this is not you, please report it to your bank immediately to avoid any loss of money.;['alert']
25;Dear mohd shahnwaz. You have successfully registered your PhonePe account on this device.;['transactional']
26;84897 is your one time password to proceed on PhonePe. It is valid for 10 minutes. Do not share your OTP with anyone. XC1xEZ+TDtj;['otp']
27;<#> 22419 is your one time password to proceed on PhonePe. It is valid for 10 minutes. Do not share your OTP with anyone. mye1HyUG8DA;['otp']
28;Paytm login detected from a new device at 03:14 PM, 06 May. Not you? To logout from all devices, click: https://ap.p-y.tm/ys3MtK or report fraud @1800120130;['alert']
29;Paytm For Business login requested from a new device at 03:13 PM, 06 May. Not you? Safeguard your paytm account, click: https://paytm.me/rl-o86b;['alert']
30;<#>Paytm never calls for OTP. Do not share it with anyone. Paytm For Business Login OTP: 758569. Not You? Report https://ap.p-y.tm/LNbiqU  ID: cIWSokveyWr;['otp']
31;<#>7252 is your Mitra verification code. Please do not share this with anyone.;['otp']
32;<#> 4835 is your Disney+ Hotstar verification code. Enjoy watching! /wAX/OsgZgE;['otp']
33;Biometric authentication is enabled for Kotak Bank Mobile Banking App on CPH2139 for CRN xx8418. To report fraud, click kotak.com/fraud;['alert']
34;"Alert! After successful mobile no. verification, Kotak Bank App has been activated for CRN xx8418 on CPH2139. If not you, REPORT FRAUD on kotak.com/fraud""";['alert']
35;<#> 7456 is your verification code for Dainik Bhaskar. 7Dr1ygzoY/w - Bhaskar Group;['otp']
36;#   Onetime password is : 995930 This OTP is valid for 15 minutes only & usable only once on Groww. T & C apply. hkHMMiIZPc7;['otp']
37;<#> 1626 is the OTP for your Airtel Thanks app login. Valid for 15 mins. Please do not share this with anyone N9BWuqauU1y;['otp']
38;[OPPO]813353 is your verification code. It expires in 5 minutes. Don't share it with anyone.;['otp']
39;Your WhatsApp code: 957-128  You can also tap on this link to verify your phone: v.whatsapp.com/957128. Don't share this code with others.;['otp']
40;G-505823 is your Google verification code.;['otp']
41;<#>1813 is your Mitra verification code. Please do not share this with anyone.;['otp']
42;Dear Customer, your 200,000 Rs loan has been disbursed. Click on the link to confirm withdrawal https://bit.ly/37VyaCe (ANKIAR);['promotional','spam']
43;Celebrate Eid with us! Get 40% Off upto Rs 140/- on orders above Rs 249 from Behrouz Biryani  ;['promotional']
44;Your VPA sanju39chd@okaxis linked to Indian Bank a/c no. XXXXXX4658 is debited for Rs.299.00 and credited to euronetgpay.pay@icici (UPI Ref no 212355781017).-Indian Bank;['alert','transactional']
45;Stay fit, save big.Price drop on our top smartwatches! Starting @Rs.1,999/- Grab now: bit.ly/3LwIZZQ;['promotional']
46;Dear Saroj, You are eligible and may avail precaution dose at private vaccination center only after 21-04-2022. Please visit cowin.gov.in  CoWIN;['alert','transactional']
47;Hi, Receive Rs.1500*/- Bonus Download MY11CIRCLE App Win Real Cash Click here: crckt11.in/J432-17656D046;['promotional']
48;90% daily data quota used as on 03-May-22 00:44.For tips on how to manage data quota effectively, click https://youtu.be/ZFUDydctV78 If you do not have any other data plan, your internet speed will be reduced on consumption of 1.50 GB. To continue enjoying high speed internet, click https://www.jio.com/dl/data_voucher and recharge.;['alert']
49;Dial 1991, to know your current balance, validity, plan details and for exciting recharge plans.;['alert']
50;Your VPA sanju39chd@okaxis linked to Indian Bank a/c no. XXXXXX4658 is debited for Rs.100.00 and credited to paytmqr281005050101igsemgaff7py@paytm (UPI Ref no 212248850682).-Indian Bank;['transactional']
51;Your VPA 6280368198@paytm linked to Indian Bank a/c no. XXXXXX4658 is debited for Rs.20.00 and credited to Q80761355@ybl (UPI Ref no 212285142987).-Indian Bank;['transactional']
52;50% Daily Data quota used as on 02-May-22 20:15. Jio Number : 6280368198 Daily Data quota as per plan : 1.50 GB To know more on how to manage your account through MyJio app, click https://youtu.be/tchuJvIv_9I  Dial 1991, to know your current balance, validity, plan details and for exciting recharge plans.;['alert']
53;<#> Shadowfax Id is 153915699 6gW4yAjEoWG;['otp']
54;<#>9627 is your Mitra verification code. Please do not share this with anyone.;['otp']
55;<#>3419 is your Mitra verification code. Please do not share this with anyone.;['otp']
56;<#> Shadowfax Id is 153900024 6gW4yAjEoWG;['otp']
57;NEXTBILLION TECHNOLOGY PRIVATE on 02-apr-2022 reported your Fund bal Rs.0.67 & Securities bal 0. This excludes your Bank, DP & PMS bal with the broker-NSE;['alert']
58;Dear members, your gift for this month's event has been distributed, and you can get up to 80000rs, please click to receive https://3pattiparty.com/ -XPROSPER;['spam']
59;Payday offer valid till 5th May on Gamezy. Upto 50% bonus & 4% Instant Cash on add cash of Rs.2500 or more. Check the app for more details. gamezy://app/game/#/payment;['promotional']
60;Your VPA 6280368198@ybl linked to Indian Bank a/c no. XXXXXX4658 is debited for Rs.3500.00 and credited to 7082282508@ybl (UPI Ref no 212287937861).-Indian Bank;['transactional']
61;Hey sanju, FREE entry worth Rs.25 to join KOL vs RR expires soon! Join NOW & win big: dream11.com/leagues - Dream11;['promotional']
62;Dear 62803681XX, KOL vs RAJ, T20 Match is live on My11circle.Prize Pool - 4,25,00,000 (4.25Crores) Entry Fee - 49 Click - http://1kx.in/OI8z3rWi9dM;['promotional']
63;Your VPA sanju39chd@okaxis linked to Indian Bank a/c no. XXXXXX4658 is debited for Rs.40.00 and credited to paytmqr281005050101xo2pulse786j@paytm (UPI Ref no 212237512625).-Indian Bank;['transactional']
64;You are empowered, surprise someone by paying their bill or help someone by recharging for them . All this and more by downloading Vi App .;['promotional']
65;Service of your Maruti Suzuki car is overdue. Please get service as per Schedule to keep enjoying benefits of Warranty. For Appt. call CM Autos 9915003004;['alert']
66;Hi there, SUNSATIONAL NEWS: Nykaa Summer Super Saver Days PRICES REVEALED! Add all these never seen before deals to Pink Box NOW to beat the queue bit.ly/3vZY9QT;['promotional']
67;50% Daily Data quota used as on 02-May-22 01:07.Jio Number : 6280368198 Daily Data quota as per plan : 1.50 GB To know more on how to manage your account through MyJio app, click https://youtu.be/tchuJvIv_9I;['alert']
68;Dial 1991, to know your current balance, validity, plan details and for exciting recharge plans.;['promotional']
69;<#> Shadowfax Id is 153762679 6gW4yAjEoWG;['otp']
70;Signup on MPL today and get an instant reward upto Rs 50. SIGNUP CODE : MPLLUDOAPRIL1 - bit.ly/3uZVlE6;['promotional']
71;Payday offer valid till 5th May on Gamezy. Upto 50% bonus & 4% Instant Cash on add cash of Rs.2500 or more. Check the app for more details. gamezy://app/game/#/payment;['promotional']
72;5PAISA CAPITAL at EOD 09/04/2022 reported your Fund bal Rs -147.710 & Securities bal 0. This excludes your Bank, DP and PMS bal with the broker-BSE;['transactional']
73;Congrats! You have received complimentary 6-month subscription to ad-free music with unlimited downloads! Claim NOW https://bit.ly/3fKFhgV;['promotional']
74;Dear, ‚Çπ10 Lakhs + MG Hector 1st Prize for HYD vs CHE T20 Match on My11Circle! 1. Register for FREE 2. Make A Fantasy Team 3. Get ‚Çπ1500 on first add cash*;['promotional']
75;<#> Shadowfax Id is 153673779 6gW4yAjEoWG;['otp']
76;You have initiated the registration for UPI payments on PhonePe. If this is not you, please report it to your bank immediately to avoid any loss of money.;['alert','transactional']
77;Dear sanju. You have successfully registered your PhonePe account on this device.;['transactional']
78;04383 is your one time password to proceed on PhonePe. It is valid for 10 minutes. Do not share your OTP with anyone. XC1xEZ+TDtj;['otp']
79;60267 is your one time password to proceed on PhonePe. It is valid for 10 minutes. Do not share your OTP with anyone.;['otp']
80;Your VPA 6280368198@paytm linked to Indian Bank a/c no. XXXXXX4658 is debited for Rs.500.00 and credited to zomatomediaprivatelimited.rzp@sbi (UPI Ref no 212118534601).-Indian Bank;['alert']
81;Alert: Beware of fraudsters sending SMS citing your SIM block/suspension/KYC/Document verification pending. DO NOT CALL BACK as they may ask you to download Apps to access your mobile phone and may get confidential information including OTP.Do not respond to SMS from unknown numbers, asking for such information other than from our official SMS ID- ViCARE.Avoid falling victim to such frauds, block these numbers and report to https://cybercrime.gov.in;['alert']
82;Jio Number : 6280368198 Daily Data quota as per plan : 1.50 GB To know more on how to manage your account through MyJio app, click https://youtu.be/tchuJvIv_9I Dial 1991, to know your current balance, validity, plan details and for exciting recharge plans.;['alert']
83;Your Swiggy order #134419877174 has been cancelled. You will be charged a cancellation fee of Rs 168.0 which will be payable on your next order.;['transactional']
84;Your a/c. XXXX4658 is credited by Rs. 50.00 on 01-05-22 by a/c linked to mobile 9XXXXXX999 (IMPS Ref no. 212100011920). -IndianBank;['transactional']
85;Your Swiggy order #134418809661 has been cancelled.;['transactional']
86;Use OTP 292931 to log into your Swiggy account. Do not share the OTP or your number with anyone including Swiggy personnel!;['otp']
87;<#> 5556 is your Zomato verification code. Enjoy :-) AlOe4TVDpqm;['otp']
88;your remaining balance is58477, please click for withdrawal  https://3pattiparty.com/  -XPROTR;['spam']
89;Chaye wale ke pas aaja;['personal']
90;Active Covid cases rise to 16,980, heat wave in India breaks records. Stay updated with LIVE news on Vi app. Click https://bit.ly/Vi-app3;['alert','government']
91;Dear, ‚Çπ10 Lakhs + MG Hector 1st Prize for MUM vs RAJ T20 Match on My11Circle! 1. Register for FREE 2. Make A Fantasy Team 3. Get ‚Çπ1500 on first add cash* Link:   üëâ http://9gm.in/my11C;['promotional']
92;NEXTBILLION TECHNOLOGY at EOD 09/04/2022 reported your Fund bal Rs 0.670 & Securities bal 0. This excludes your Bank, DP and PMS bal with the broker-BSE;['transactional']
93;Payday offer valid till 5th May on Gamezy. Upto 50% bonus & 4% Instant Cash on add cash of Rs.2500 or more. Check the app for more details. gamezy://app/game/#/payment;['promotional']
94;London Files - Arjun Rampal's greatest performance yet! Catch this thriller on Vi Movies & TV app! Just click here - https://bit.ly/ViMovies_Series.;['promotional']
95;Dear Cust, your EMI for HDB Loan a/c 22368264 is due on 2nd May 22 Pls keep your bank a/c funded at least 1 day prior the due date to avoid charges.;['transactional']
96;Redcliffe Labs Offer, Get Full Body checkup with 81 Tests at Rs 399 Liver Kidney CBC Lipid Urine, Home Sample Collection, Call 9289090604;['promotional']
97;Dear Customer, OTP TO INITIATE E-MANDATE SBI REQUEST ID TM2212029597801 OF RS. 500000.00 IN A/C NO. XXXX1899 IS 99767636. DO NOT SHARE IT WITH ANYONE. -SBI;['otp','transactional']
98;Hi, it's been LEAKED! Shh..check out the sale prices of our bestsellers & add to Pink Box NOW. Nykaa Summer Super Saver Days start 3rd May. Hurry bit.ly/3EZop1G;['promotional']
99;Dear Saroj, You are eligible and may avail precaution dose at private vaccination center only after 21-04-2022. Please visit cowin.gov.in  CoWIN;['alert']
100;50% Daily Data quota used as on 29-Apr-22 23:40.;['alert']
101;Jio Number : 6280368198, Daily Data quota as per plan : 1.50 GB, To know more on how to manage your account through MyJio app, click https://youtu.be/tchuJvIv_9I  Dial 1991, to know your current balance, validity, plan details and for exciting recharge plans.;['promotional']
102;<#> Shadowfax Id is 153419736 6gW4yAjEoWG;['otp']
103;Dear SBI Customer, Mini Statement taken from A/cX1899 at SBI ATM S5NE050949621 on 29Apr22. Transaction Number 202. If not done by you, forward this SMS to 9223008333 / call 1800111109 or 09449112211 to block your card. Download YONO SBI. Please use SBI ATMs for better security.;['alert','transactional']
104;Dear SBI Customer, PIN CHANGE was done successfully for the card X8981 at ATM S5NE050949621 on 29-Apr-2022. Transaction Number 201. If not done by you, send BLOCK <last 4 digit of card> to 567676 or call 1800111109 or 09449112211 to block your card. Use SBI ATMs for better security.;['alert','transactional']
105;Dear SBI Customer, transaction dated 29-Apr-22 19:34:56 through card ending 8981 has been declined due to Do PIN change.;['alert','transactional']
106;CAUTION! Do not share this message. Your One Time PIN for Debit Card ending 8981 is Two Four One One. Set your new PIN within 24 hrs through Banking -- PIN Change option at any SBI ATM. Download YONO @ www.yonosbi.com.-SBI;['alert','otp']
107;892180 is the OTP for payout link of INR 572.10 from RazorpayX account Vahan Technologies India Priva. OTP is valid till 19:30:23.000 IST. Do not share with anyone.;['otp','transactional']
108;<#>6296 is your Mitra verification code. Please do not share this with anyone. jOvA6R6o+OI;['otp']
109;A Big Thank you for being our esteem customer for long time. We had closed our Chandigarh workshop (130). Please visit us at Maruti Arena and Nexa Service workshop in Mohali for same experience. Looking forward to serve you.;['promotional']
110;Call: 9915003004 CM Auto sales Location: https://bit.ly/3zPT672;['transactional']
111;Dear SBI Customer, transaction dated 29-Apr-22 15:23:25 through card ending 8981 has been declined due to PIN TRIES EXCEEDED.;['alert','transactional']
112;Dear SBI Customer, transaction dated 29-Apr-22 15:19:25 through card ending 8981 has been declined due to PIN TRIES EXCEEDED.;['alert','transactional']
113;Dear SBI Customer, transaction dated 29-Apr-22 15:12:27 through card ending 8981 has been declined due to INCORRECT PIN.;['alert','transactional']
114;Dear SBI Customer, transaction dated 29-Apr-22 15:11:15 through card ending 8981 has been declined due to INCORRECT PIN.;['alert','transactional']
115;Dear Customer, OTP TO INITIATE E-MANDATE SBI REQUEST ID TM2211929530542 OF RS. 500000.00 IN A/C NO. XXXX1899 IS 62761129. DO NOT SHARE IT WITH ANYONE. -SBI;['otp','transactional']
116;Dear Customer, OTP TO INITIATE E-MANDATE SBI REQUEST ID TM2211929530101 OF RS. 500000.00 IN A/C NO. XXXX1899 IS 27158351. DO NOT SHARE IT WITH ANYONE. -SBI;['otp','transactional']
117;Delivery Job In Swiggy, Earn uptoRs 3000 To 7000 Weekly, Petrol Incentive Rs 200 To 400 Weekly (for Bikers), Joining & Referral BonusRs 2000 JB & 4000 RB Apr'2022, For Joining: shorturl.at/kqtB2, Call:Swiggy Office;['promotional']
118;Non - Stop gaming, now on Vi! Explore our new and exciting games for free, click here to start playing - https://bit.ly/Vi_Free_Games;['promotional']
119;Sell Your Car now at CARS24 and get Best Car price.Give Misscall & Book Car Inspection at Your Home. https://bit.ly/3iX1iKV;['promotional']
120;VK-IndBnk,Your VPA sanju39chd@okaxis linked to Indian Bank a/c no. XXXXXX4658 is debited for Rs.110.00 and credited to paytmqr2810050501011j3q7jqza65z@paytm (UPI Ref no 211836982123).-Indian Bank;['transactional']
121;VM-IndBnk,Your VPA sanju39chd@okaxis linked to Indian Bank a/c no. XXXXXX4658 is debited for Rs.15.00 and credited to euronetgpay.pay@icici (UPI Ref no 211830447400).-Indian Bank;['transactional']
122;"VK-NYKAAX,""Hey you, Victoria's Secret has just launched & we have some super exciting deals - Buy1Get1, Flat 30% off on EDPs and much more. Rush to Nykaa! 1kx.in/48O4Yq";['promotional']
123;VM-IndBnk,Your VPA sanju39chd@okaxis linked to Indian Bank a/c no. XXXXXX4658 is debited for Rs.20.00 and credited to rajeshwar7500-1@okhdfcbank (UPI Ref no 211834266117).-Indian Bank;['transactional']
124;VK-IndBnk,Your VPA sanju39chd@okaxis linked to Indian Bank a/c no. XXXXXX4658 is debited for Rs.20.00 and credited to paytmqr2810050501011hde0r7uwpt1@paytm (UPI Ref no 211834069825).-Indian Bank;['transactional']
125;<#>4996 is your Mitra verification code. Please do not share this with anyone. jOvA6R6o+OI;['alert','otp']
126;Dear Customer, +917973045759 is now available to take calls.;['alert']
127;100% of daily 1.50 GB data quota exhausted as on 28-Apr-22 19:30. Jio Number : 6280368198 Daily high speed data quota will be restored on 29-Apr-22 01:19. To know where you have consumed your data quota, click http://tiny1.jio.com/HelpfulTips;['alert']
128;Recharge of Rs. 15.0 is successful for your Jio number 6280368198. Entitlement: Benefits: Unlimited Data (1GB High Speed Data, thereafter unlimited at 64Kbps). Validity: Base Plans validity, Transaction ID: 30002160230062;['transactional']
129;Dial 1991, to know your current balance, validity, plan details and for exciting recharge plans.;['alert']
130;90% daily data quota used as on 28-Apr-22 16:37. Jio Number : 6280368198, For tips on how to manage data quota effectively, click https://youtu.be/ZFUDydctV78, If you do not have any other data plan, your internet speed will be reduced on consumption of 1.50 GB. To continue enjoying high speed internet, click https://www.jio.com/dl/data_voucher and recharge. Dial 1991, to know your current balance, validity, plan details and for exciting recharge plans.;['alert']
131;Hey sanju, FREE entry worth Rs.25 to join DC vs KOL expires soon! Join NOW & win big: dream11.com/leagues - Dream11;['promotional']
132;Your VPA sanju39chd@okaxis linked to Indian Bank a/c no. XXXXXX4658 is debited for Rs.50.00 and credited to paytmqr2810050501011qqwqzri7jbc@paytm (UPI Ref no 211828033232).-Indian Bank;['transactional']
133;50% Daily Data quota used as on 28-Apr-22 14:15. Jio Number : 6280368198 Daily Data quota as per plan : 1.50 GB, To know more on how to manage your account through MyJio app, click https://youtu.be/tchuJvIv_9I, Dial 1991, to know your current balance, validity, plan details and for exciting recharge plans.;['alert']
134;Get easy access to all you need! Activate International Roaming pack , Stream ad-free music, play free games, download & pay bills, recharge, activate ‚ÄòDND‚Äô, enjoy exclusive offers & more. To download, click https://bit.ly/37N4Mxe.¬†;['promotional']
135;We wish to inform your Bajaj Finance Insta EMI Card offer is revised, No cost EMI's upto 24 months & limit upto 2 lacs. Get it Now https://eej.at/Hq8nouhy;['promotional']
136;Hello, inDriver is coming soon to Mumbai, tell your friends in Mumbai to download inDriver app to earn more with 0% service payment. Share link with friends: indriver.onelink.me/lhG6/n8kpmy1b Thank you for being in inDriver family;['promotional']
137;Your policy MJ774147 is expiring on 19-MAY-2022 To renew click itgi.in/AXad2b. or call us at 18001035499 or give us missed call at 01244879451 IFFCO TOKIO GIC;['transactional']
138;Your Stock broker NEXTBILLION TECHNOLOGY PRIVATE LIMITED. reported your fund balance Rs.0.67 & securities balance 0 as on end of 26-mar-2022. Balances do not cover your bank, DP & PMS balance with broking entity. Check details at ssk362861@gmail.com. If email Id not correct, kindly update with your broker - National Stock Exchange;['alert','transactional']
139;100% of daily 1.50 GB data quota exhausted as on 28-Apr-22 00:18. Jio Number : 6280368198 Daily high speed data quota will be restored on 28-Apr-22 01:19. To know where you have consumed your data quota, click http://tiny1.jio.com/HelpfulTips;['alert','transactional']
140;90% daily data quota used as on 27-Apr-22 23:44. Jio Number : 6280368198, For tips on how to manage data quota effectively, click https://youtu.be/ZFUDydctV78, If you do not have any other data plan, your internet speed will be reduced on consumption of 1.50 GB. To continue enjoying high speed internet, click https://www.jio.com/dl/data_voucher and recharge. Dial 1991, to know your current balance, validity, plan details and for exciting recharge plans.;['transactional']
141;<#> 493198 is the OTP for Rapido app verification. //vZSzVMXYs - Rapido;['alert','otp']
142;<#>2881 is your Mitra verification code. Please do not share this with anyone. jOvA6R6o+OI;['otp']
143;<#>5566 is your Mitra verification code. Please do not share this with anyone. jOvA6R6o+OI;['otp']
144;<#> Shadowfax Id is 153016488 6gW4yAjEoWG;['otp']
145; Musk buys Twitter at $44 Bn, heat wave in India breaks records. Stay updated with LIVE news on Vi Movies & TV app. Click https://bit.ly/Vimtv-d4;['promotional']
146;Your VPA sanju39chd@okaxis linked to Indian Bank a/c no. XXXXXX4658 is debited for Rs.110.00 and credited to paytmqr2810050501011hdv8srrk9vl@paytm (UPI Ref no 211797730685).-Indian Bank;['transactional']
147;50% Daily Data quota used as on 27-Apr-22 14:54. Jio Number : 6280368198, Daily Data quota as per plan : 1.50 GB, To know more on how to manage your account through MyJio app, click https://youtu.be/tchuJvIv_9I, Dial 1991, to know your current balance, validity, plan details and for exciting recharge plans.;['alert','transactional']
148;Dear Customer, You can be Approved for Axis Bank Select Credit Card with Rs. 2000 Amazon Voucher.Confirm Details 7kb.in/kQX/vJRnzpHNST;['promotional']
149;Dear 62803681XX, GUJ vs HYD, T20 Match is live on My11circle. Prize Pool - 4,67,00,000 (4.67Crores) Entry Fee - 49 Click - http://1kx.in/OI8z3rWi9dM;['alert','promotional']
150;Check your eligibility in 45 sec for Axis Bank Credit_Card, Get a Rs 2000 amazon voucher - Apply https://bit.ly/3HCzDtr AKIKOG;['promotional']
151;Dear Saroj, You are eligible and may avail precaution dose at private vaccination center only after 21-04-2022. Please visit cowin.gov.in  CoWIN;['alert','government']
152;Your Stock broker 5PAISA CAPITAL LIMITED. reported your fund balance Rs.-147.71 & securities balance 0 as on end of 26-mar-2022. Balances do not cover your bank, DP & PMS balance with broking entity. Check details at SSK362861@GMAIL.COM. If email Id not correct, kindly update with your broker - National Stock Exchange;['transactional']
153;90% daily data quota used as on 27-Apr-22 00:27. Jio Number : 6280368198, Daily Data quota as per plan : 1.50 GB, To know more on how to manage your account through MyJio app, click https://youtu.be/tchuJvIv_9I  Dial 1991, to know your current balance, validity, plan details and for exciting recharge pl;['alert','promotional','transactional']
154;For tips on how to manage data quota effectively, click https://youtu.be/ZFUDydctV78;['promotional']
155;Welcome to Vi High Speed GIGAnet.! Insert your Vi  SIM in SIM slot-1 for best Voice & Internet experience.  Click bit.ly/ViApp21 for Data offers;['promotional','transactional']
156;Hi! Please save the Internet settings sent to you & enjoy Vi High Speed GIGAnet. Your code is 1234. Click bit.ly/ViApp21 for Data offers;['otp','promotional','transactional']
157;"Dear Customer, request received for registering your Jio Payments Bank account. Do not share your OTP to avoid any financial loss. Not you? Call 1800 891 9999""";['alert','transactional']
158;<#> Shadowfax Id is 152887045 6gW4yAjEoWG;['otp','transactional']
159;Dear User, you've got 100% instant cash upto Rs.100 on RummyCircle on JCPA2022MYJIO. Use code rc5D4E3Y on https://t.jio/winnings-RC T&C. Team Jio;['promotional']
160;<#> Shadowfax Id is 152870765 6gW4yAjEoWG;['otp']
161;Dear Customer, +917973045759 is now available to take calls.;['alert']
162;We wish to inform your Bajaj Finance Insta EMI Card offer is revised, No cost EMI's upto 24 months & limit upto 2 lacs. Get it Now https://eej.at/H7jMEF8G;['promotional']
163;50% Daily Data quota used as on 26-Apr-22 18:07.;['alert']
164;Hi, get up to Rs. 20L without paperwork. Navi Personal Loan. Instant disbursal & flexible EMIs. Apply here. TnC apply SR7.in/I427C-17656D046;['promotional']
165; +917340721034,Can I call you back later?;['alert']
166;Thank you for being an active user of the MyJio App. In order to enable us to provide you with the best digital experience, please share your feedback on MyJio app by clicking www.jio.com/r/Irtzq9Z7O . Thank you, Team Jio;['promotional']
167;Dear 62803681XX, RAJ vs BLR, T20 Match is live on My11circle. Prize Pool - 4,67,00,000 (4.67Crores) Entry Fee - 49 Click - http://1kx.in/OI8z3rWi9dM;['promotional']
168;Dear Customer, You have 3 missed calls from +917340721034 . The last missed call was at 11:40 AM on 26-Apr-2022 . Thankyou, Team Jio.;['alert']
169;Gentle Reminder! Your policy no MJ774147 will expire on 19-MAY-2022. To renew Call 01244285499 or 18001035499 or click  itgi.in/t93Fzf IFFCO TOKIO GIC;['transactional']
170;Your Stock broker 5PAISA CAPITAL LIMITED. reported your fund balance Rs.-147.71 & securities balance 0 as on end of 19-mar-2022. Balances do not cover your bank, DP & PMS balance with broking entity. Check details at SSK362861@GMAIL.COM. If email Id not correct, kindly update with your broker - National Stock Exchange;['transactional']
171;Your Stock broker NEXTBILLION TECHNOLOGY PRIVATE LIMITED. reported your fund balance Rs.0.67 & securities balance 0 as on end of 19-mar-2022. Balances do not cover your bank, DP & PMS balance with broking entity. Check details at ssk362861@gmail.com. If email Id not correct, kindly update with your broker - National Stock Exchange;['transactional']
172;Your VPA sanju39chd@okaxis linked to Indian Bank a/c no. XXXXXX4658 is debited for Rs.25.00 and credited to q924028779@ybl (UPI Ref no 211565288595).-Indian Bank;['transactional']
173;Dear Customer, You have a missed call from +917082282508 . The last missed call was at 06:24 PM on 25-Apr-2022 . Thankyou, Team Jio.;['alert']
174;Dear Customer, You have a missed call from +917082282508 . The last missed call was at 06:21 PM on 25-Apr-2022 . Thankyou, Team Jio.;['alert']
175;Hey sanju, your FREE ENTRY worth Rs.25 is expiring soon! Join PBKS vs CSK before 7:30pm and win big. Tap here to play - dream11.com/leagues - Dream11;['promotional']
176;Dear User, you've got Eyemyeye FREE Eyeglasses & Sunglasses on Scratch2Win. Use code JKLMQM3KSFEVF28Q on https://t.jio/winnings-eme7 T&C. Team Jio;['promotional']
177;Your VPA sanju39chd@okaxis linked to Indian Bank a/c no. XXXXXX4658 is debited for Rs.533.00 and credited to jio@yesbank (UPI Ref no 211556046670).-Indian Bank;['transactional']
178;Can I call you later?;['personal']
179;50% Daily Data quota used as on 24-Apr-22 21:40. Jio Number : 6280368198 Daily Data quota as per plan : 1.50 GB To know more on how to manage your account through MyJio app, click https://youtu.be/tchuJvIv_9I Dial 1991, to know your current balance, validity, plan details and for exciting recharge plans.;['alert','transactional']
180;Congrats! Get Free Bajaj Financial Securities Trading A/C. with '0' Opening Charges In 10 Mins. Open Now: http://1kx.in/An7PW1;['promotional']
181;Your VPA sanju39chd@okaxis linked to Indian Bank a/c no. XXXXXX4658 is debited for Rs.70.00 and credited to hukumpul@oksbi (UPI Ref no 211444658910).-Indian Bank;['transactional']
182;Play MUM vs LKN üèÜ Indian #T20 League & Win ‚Çπ45 Lakhs Today on HOWZAT! 1. Register for FREE 2. Make A Fantasy Team 3. Win Cash Prizes Make your team now üèüëâ https://9gm.in/T20è;['promotional']
183;Your VPA sanju39chd@okaxis linked to Indian Bank a/c no. XXXXXX4658 is debited for Rs.100.00 and credited to hukumpul@oksbi (UPI Ref no 211441549572).-Indian Bank;['transactional']
184;Catch Arjun Rampal's greatest performance in London Files! Enjoy this new thriller series on Vi app! Just click https://bit.ly/Vi-app3;['promotional']
185;"Dear Saroj, You are eligible and may avail precaution dose at private vaccination center only after 21-04-2022. Please visit cowin.gov.in  CoWIN""";['government']
186;"Dear Customer, You have 5 missed calls from +917082282508 . The last missed call was at 12:45 AM on 24-Apr-2022 . Thankyou, Team Jio.""";['alert']
187;Good night ;['personal']
188;50% Daily Data quota used as on 23-Apr-22 18:25.;['alert']
189;Jio Number : 6280368198 Daily Data quota as per plan : 1.50 GB To know more on how to manage your account through MyJio app, click https://youtu.be/tchuJvIv_9I Dial 1991, to know your current balance, validity, plan details and for exciting recharge plans;['alert','transactional']
190;Get 1+1 DiagEasy Primary Health checkup at cost of 1 1+1Offer@ 999 only, 61+ Tests Sugar, Cholesterol, LFT,KFT,CBC, Thyroid NABL LAB Call @ 8448596563;['promotional']
191;Your application to join as a Delivery Partner is pending. To start working with us, please go to the nearest Swiggy office (Chandigarh, Mohali) with valid ID proofs & complete your application: shorturl.at/kqtB2;['transactional']
192;Congrats 93569650XX BLR vs HYD T20 Match Today ! Receive Rs.1500 Bonus ! Download MY11CIRCLE App Play: 4,83,00,000(4.83 CR) zx6.in/ohA/P2XK97x BE Team;['promotional']
193;Hey sanju, your FREE ENTRY worth Rs.25 is expiring soon! Join KOL vs GT before 3:30pm and win big. Tap here to play - dream11.com/leagues - Dream11;['promotional']
194;Beware of fraudulent website frauds. Check for https and padlock sign to ensure authenticity of website. Stay Alert and Stay Safe.- SBI Infosec Team;['promotional']
195;Get upto 75% OD discount on your car insurance with prompt & easy Claim settlement.Call Wealth Guardians 9501779779(T&C Apply) or Visit https://bit.ly/3q81YkT;['promotional']
196;Redcliffe Labs Special Summer Offer Get full body checkup with 71 Tests at Rs 399 Free Home Sample Collection Call- 9289090604 bit.ly/3H28hMq;['promotional']
197;Vahan Technologies India Priva is requesting your account details to process Mitra Rewards of Rs. 572.1. You can visit this link to submit details to receive funds: https://rzp.io/i/rGje3CParS;['spam']
198;<#>4060 is your Mitra verification code. Please do not share this with anyone. jOvA6R6o+OI;['otp']
199;Your VPA sanju39chd@okaxis linked to Indian Bank a/c no. XXXXXX4658 is debited for Rs.30.00 and credited to naushaadbaba39@okhdfcbank (UPI Ref no 211298200980).-Indian Bank;['transactional']
200;100% of daily 1.50 GB data quota exhausted as on 22-Apr-22 20:59. Jio Number : 6280368198 Daily high speed data quota will be restored on 23-Apr-22 01:19. To know where you have consumed your data quota, click http://tiny1.jio.com/HelpfulTips;['alert']
201;Dlocal has requested money from you on your BHIM app. On approving the request, INR 79.00 will be debited from your account. NPCI;['transactional']
202;90% daily data quota used as on 22-Apr-22 20:23. Jio Number : 6280368198 For tips on how to manage data quota effectively, click https://youtu.be/ZFUDydctV78 If you do not have any other data plan, your internet speed will be reduced on consumption of 1.50 GB. Dial 1991, to know your current balance, validity, plan details and for exciting recharge plans.;['alert','transactional']
203;Your VPA sanju39chd@okaxis linked to Indian Bank a/c no. XXXXXX4658 is debited for Rs.300.00 and credited to paytmqr28100505010108bygf0fmohm@paytm (UPI Ref no 211292073775).-Indian Bank;['alert','transactional']
204;Your VPA sanju39chd@okaxis linked to Indian Bank a/c no. XXXXXX4658 is debited for Rs.100.00 and credited to q45151340@ybl (UPI Ref no 211291936914).-Indian Bank;['alert','transactional']
205;Get 1+1 DiagEasy Primary Health checkup at cost of 1;['promotional']
206;Dear Customer, +919115415801 is now available to take calls.;['alert']
207;Your VPA sanju39chd@okaxis linked to Indian Bank a/c no. XXXXXX4658 is debited for Rs.150.00 and credited to paytmqr2810050501011gh1blb1akhv@paytm (UPI Ref no 211290348255).-Indian Bank;['alert','transactional']
208;Cash deposit of Rs 4500.00 to Acct 370505000344 has been initiated through ICICI Bank INSTA Banking. Pls quote Reference No. MCDA00094599401 at the counter. You will get another SMS confirming the completion of transaction. Request for a hard copy receipt, if you do not receive the confirmation SMS.;['alert','transactional']
209;Dear 62803681XX, DEL vs RAJ, T20 Match is live on My11circle. Prize Pool - 4,83,00,000 (4.83Cr) Entry Fee - 49 Click - http://1kx.in/LX4bRD;['promotional']
210;Important information - TRAI does not provide any NOC for installing mobile towers. If a fraudster brings a fake letter to you, inform the concerned service provider and the local police.;['alert','government']
211;Your VPA sanju39chd@okaxis linked to Indian Bank a/c no. XXXXXX4658 is debited for Rs.200.00 and credited to shivuadiwal37@okhdfcbank (UPI Ref no 211281021914).-Indian Bank;['alert','transactional']
212;Hey sanju, your FREE ENTRY worth Rs.25 is expiring soon! Join MI vs CSK before 7:30pm and win big. Tap here to play - dream11.com/leagues - Dream11;['promotional']
213;You have recently recharged your Jio No. 6280368198 . Please click www.jio.com/r/IpcZLErgJ to share your feedback on your recharge experience. Team Jio;['promotional','transactional']
214;Get easy access to all you need! Activate International Roaming pack , Stream ad-free music, play free games, download & pay bills, recharge, activate ‚ÄòDND‚Äô, enjoy exclusive offers & more. To download, click https://bit.ly/37N4Mxe.¬†;['promotional']
215;Hi 62803XXXXX,Open a Digital Savings Account online in just 5 minutes. Open 811 A/c now: http://kotk.in/3S6J65 T&C -Kbank;['promotional','transactional']
216;Paid Rs.470.82 to Vodafone Idea Ltd from Paytm Balance. Updated Balance: Paytm Wallet- Rs 0. More Details: https://paytm.me/Hl-aBK6;['alert','transactional']
217;OTP for Online Transactions on your Indian Bank Debit Card 4988 is KQS-548142.This is valid for the next 5 min.Dt 21-04-22 11.38;['otp','transactional']
218; - Never share OTP. Your OTP to link Paytm Account to Vodafone Idea Ltd: 638426. Not You? Report https://ap.p-y.tm/OFXLuO -;['otp']
219;Dear Saroj, You are eligible and may avail precaution dose at private vaccination center only after 21-04-2022. Please visit cowin.gov.in  CoWIN;['alert','government']
220;Rs. 15 , added just for you! We've credited your Junglee Rummy account so you can play cash games! Hurry & Play now: https://jrum.my/DQn5X;['promotional']
221;50% Daily Data quota used as on 20-Apr-22 19:45. Jio Number : 6280368198 Daily Data quota as per plan : 1.50 GB To know more on how to manage your account through MyJio app, click https://youtu.be/tchuJvIv_9I Dial 1991, to know your current balance, validity, plan details and for exciting recharge plans.;['alert','transactional']
222;Can't talk now. Can you call me later?;['personal']
223;Don't miss the last chance to get a FREE Ice-Cream Scoop on min Rs.300 bill at KEVENTERS Cafe, Apple's Height! Use code 04132TJDLS5 by 22 Apr. bit.ly/kevmap;['promotional']
224;Plan expired! Recharge now on Paytm & get upto Rs.100 Cashback - Code JIO100 each time for self & family. Flat Rs.30 Cashback for New User - Code JIONEW30. Recharge with Jio no.6280368198 Rs.239 plan (Data 1.5GB/day, Voice Unlimited Validity 28 days) T&CA. Click https://paytm.me/1x-a0Ed;['promotional']
225;Dear Customer, You have 2 missed calls from +911408520085 . The last missed call was at 04:06 PM on 20-Apr-2022 . Thankyou, Team Jio.;['alert']
226;NEXTBILLION TECHNOLOGY at EOD 02/04/2022 reported your Fund bal Rs 0.670 & Securities bal 0. This excludes your Bank, DP and PMS bal with the broker-BSE;['transactional']
227;Hi, finance charge of INR 6.00 has been reversed on your Bajaj Finserv RBL Bank SuperCard (XXXX07). The credit will reflect in your next statement. Please make your Card payments before the due date to avoid these charges in future.;['transactional']
228;Hi, finance charge of INR 33.00 has been reversed on your Bajaj Finserv RBL Bank SuperCard (XXXX07). The credit will reflect in your next statement. Please make your Card payments before the due date to avoid these charges in future.;['transactional']
229;Recharge of Rs. 239.00 is successful for your Jio number 6280368198. Entitlement: Benefits: 1. UNLIMITED DATA - 42 GB (1.5 GB/Day) 2. UNLIMITED CALLS 3. 100 SMS/Day 4. Complimentary Jio Apps , Validity - 28 days Transaction ID: BR0007LYVG9I To view details of your current and upcoming plan, click https://www.jio.com/dl/my_plans To share your recharge experience, click https://www.jio.com/en-in/jio-rech-exp-survey?custid=BR0007LYVG9I Dial 1991, to know your current balance, validity, plan details and for exciting recharge plans.;['alert','transactional']
230;Your plan for Jio no 6280368198 has expired & Services stopped. RECHARGE NOW Click www.jio.com/r/IoE0alWXR or visit Jio retailer. For other plans, call 1991.;['promotional','transactional']
231;Your Stock broker NEXTBILLION TECHNOLOGY PRIVATE LIMITED. reported your fund balance Rs.0.67 & securities balance 0 as on end of 12-mar-2022. Balances do not cover your bank, DP & PMS balance with broking entity. Check details at ssk362861@gmail.com. If email Id not correct, kindly update with your broker - National Stock Exchange;['transactional']
232;Dear Customer, +918054095516 is now available to take calls.;['alert']
233;Your Stock broker 5PAISA CAPITAL LIMITED. reported your fund balance Rs.-147.71 & securities balance 0 as on end of 12-mar-2022. Balances do not cover your bank, DP & PMS balance with broking entity. Check details at SSK362861@GMAIL.COM. If email Id not correct, kindly update with your broker - National Stock Exchange;['transactional']
234;Dear Customer, You have 2 missed calls from +911408520025 . The last missed call was at 05:08 PM on 19-Apr-2022 . Thankyou, Team Jio.;['alert']
235;Hurry! Recharge Jio no.6280368198 on Amazon & get upto Rs.300 daily rewards for self & family. Upto Rs.50 Cashback for New User. Recharge with  Rs.239 plan (Data 1.5GB/day, Voice Unlimited ,Validity 28days) or more. T&CA. Click https://amazon.in/jio4;['promotional','transactional']
236;5PAISA CAPITAL at EOD 02/04/2022 reported your Fund bal Rs -147.710 & Securities bal 0. This excludes your Bank, DP and PMS bal with the broker-BSE;['transactional']
237;Your plan Rs 239-1m-1.5GB/D for Jio Number 6280368198 has expired on 19-Apr-22 09:25 Hrs. To continue enjoying Jio services, recharge immediately. To recharge, click https://www.jio.com/selfcare/recharge Dial 1991, to know your current balance, validity, plan details and for exciting recharge plans.;['alert','transactional']
238;100% of daily 1.50 GB data quota exhausted as on 18-Apr-22 22:59. Jio Number : 6280368198 Daily high speed data quota will be restored on 19-Apr-22 01:19. To know where you have consumed your data quota, click http://tiny1.jio.com/HelpfulTips;['alert','transactional']
239;Hurry! Recharge Jio no.6280368198 on Paytm & get upto Rs.100 Cashback - Code JIO100 each time for self & family.Flat Rs.30 Cashback for New User - Code JIONEW30. Recharge with Rs.239 plan (Data 1.5GB/day, Voice Unlimited, Validity 28days) or more. T&CA. Click https://paytm.me/1x-a0Ed;['promotional','transactional']
240;Dear Customer, You have 2 missed calls from +919646762302 . The last missed call was at 12:10 PM on 18-Apr-2022 . Thankyou, Team Jio.;['alert']
241;Dear 62803681XX, RAJ vs KOL T20 Match on MY11Circle Prize Pool : 4,88,00,000 (4.88Crores) Win Now :  http://1kx.in/OI8z3rWi9dM;['promotional']
242;Dear Saroj, You are eligible and may avail precaution dose at private vaccination center only after 21-04-2022. Please visit cowin.gov.in  CoWIN Sell your car from the comfort of your home at CARS24 Get Best Price, Book Appointment Now 8929100590 Home INSPECTION Available;['promotional','transactional']
243;Your current plan Rs 239-1m-1.5GB/D for Jio number 6280368198 will expire on 19-Apr-22 09:25 Hrs. After current plan expiry, your services will stop working if you do not recharge with a plan. To recharge, click https://www.jio.com/selfcare/recharge. Dial 1991, to know your current balance, validity, plan details and for exciting recharge plans.;['promotional','transactional']
244;<#> 4346 is your Disney+ Hotstar verification code. Enjoy watching!;['otp']
245;100% of daily 1.50 GB data quota exhausted as on 17-Apr-22 20:34. Jio Number : 6280368198 Daily high speed data quota will be restored on 18-Apr-22 01:19. To know where you have consumed your data quota, click http://tiny1.jio.com/HelpfulTips;['alert','transactional']
246;Recharge your Jio no. 6280368198 today with Rs.299 plan. Recharge on Paytm & get Cashback upto Rs.100, Existing User-Code JIO100, New User Code JIONEW30. T&CA. Click https://paytm.me/1x-a0Ed;['promotional','transactional']
247;Hi sanju, your 50% Discount is expiring soon! Join PBKS vs SRH before 3:30pm & WIN BIG on Dream11! Play now: dream11.com/leagues;['promotional']
248;Dear 62803681XX, PUN vs HYD T20 Match on MY11Circle Prize Pool : 4,49,00,000 (4.49Crores) Prize Pool : 4,49,00,000 (4.49Crores);['promotional']
249;Hi 62803681XX, PUN vs HYD T20 Match on MY11circle Prize Pool - 4,49,13,125 (4.49CR) Entry Fees - 49 Win Now - SR7.in/I3BDC-17656D046;['promotional']
250;Your VPA sanju39chd@okaxis linked to Indian Bank a/c no. XXXXXX4658 is debited for Rs.100.00 and credited to lovelybro281@okaxis (UPI Ref no 210667680575).-Indian Bank;['alert','transactional']
251;Knock Knock! Your Free Ticket is about to expire. Use it to play in the National Ludo Series & win upto Rs.2.5 Cr - bit.ly/3LSwOqe. Ignore if used - MPL;['promotional']
252;Dear Sarbjeet , we noticed you haven't transacted with us in last 15 months, your Reward points are expiring on 2022-05-16T00:00:00 due to inactivity. Transact now before it's too late! Remember, 1pt=Rs.1. To know more download app http://onelink.to/brandsurveysms *T&C Apply. Regards Maruti Suzuki.;['promotional','transactional']
253;Recharge your Jio no. 6280368198  today with Rs.299 plan. Recharge on PhonePe get rewards upto Rs.500 each on first 4 recharges for self & family by paying via UPI T&CA. Click https://phon.pe/jion1;['promotional','transactional']
254;Dear 62803681XX, MUM vs LSG T20 Match on MY11Circle Prize Pool : 5,18,00,000 (5.18Cr) Win Now : http://2lm.in/t16g5L;['promotional']
255;LIVE Breaking news - Stay updated with latest news with Aaj Tak, India Today, Sun News & more channels on Vi Movies & TV app! Just click https://bit.ly/Vimtv-d1;['promotional']
256;Your plan for Jio no 6280368198 expires on 19-04-2022 .Avoid STOPPAGE of services,RECHARGE Now Click www.jio.com/r/ImZddWuxQ .For other plans, call 1991.;['alert','transactional']
257;Your Stock broker NEXTBILLION TECHNOLOGY PRIVATE LIMITED. reported your fund balance Rs.0.67 & securities balance 0 as on end of 05-mar-2022. Balances do not cover your bank, DP & PMS balance with broking entity. Check details at ssk362861@gmail.com. If email Id not correct, kindly update with your broker - National Stock Exchange;['alert','transactional']
258;*This is NOT a hoax* Get 25% cashback (upto 1000/-) on our top products using Walnut 369. Shop Now: bit.ly/37jjOuQ Team boAt;['promotional']
259;Open a Digital Savings Account online that's ready in 5 minutes! Get Kotak 811 Savings A/c instantly: http://mqml.co/2Xe T&C Apply -Kbank.;['promotional','transactional']
260;Dear Customer, You have a missed call from +918427277484 . The last missed call was at 05:08 PM on 15-Apr-2022 . Thankyou, Team Jio;['alert']
261;Congrats! We've credited Ludo Win ticket to your wallet. Use it now to play in the National Ludo Series and win upto Rs.2.5 Cr. Redeem Now: bit.ly/3LSwOqe - MPL;['promotional']
262;Recharge your Jio no. 6280368198 today with Rs.299 plan. Recharge on Amazon. Existing user gets upto Rs.300 daily rewards & New User gets upto Rs.50 Cashback T&CA. Click https://amazon.in/jio4;['promotional','transactional']
263;Your Stock broker 5PAISA CAPITAL LIMITED. reported your fund balance Rs.-147.71 & securities balance 0 as on end of 05-mar-2022. Balances do not cover your bank, DP & PMS balance with broking entity. Check details at SSK362861@GMAIL.COM. If email Id not correct, kindly update with your broker - National Stock Exchange;['alert','transactional']
264;Get easy access to all you need! Activate International Roaming pack , Stream ad-free music, play free games, download & pay bills, recharge, activate ‚ÄòDND‚Äô, enjoy exclusive offers & more. To download, click https://bit.ly/37N4Mxe.¬†;['promotional']
265;Hi 62803681XX, RAJ vs GUJ T20 Match on MY11circle Prize Pool - 6,48,01,695 (6.48CR) Entry Fees - 49 Win Now - SR7.in/I3934-17656D046;['promotional']
266;Thanku ;['personal']
267;NOW 105 TEST 1+1 FREE, FULL BODY CHECKUP, LFT KFT LIPID THYROID CBC CALCIUM SUGAR URINE, VITD B12 @Rs 2499, Visit bit.ly/3vyvQu5 WELLNESS PATHCARE;['promotional']
268;Your a/c. XXXX4658 is credited by Rs. 20.00 on 13-04-22 by a/c linked to mobile 9XXXXXX999 (IMPS Ref no. 210322069652). -IndianBank;['alert','transactional']
269;Your VPA sanju39chd@okaxis linked to Indian Bank a/c no. XXXXXX4658 is debited for Rs.150.00 and credited to q87809588@ybl (UPI Ref no 210313943924).-Indian Bank;['alert','transactional']
270;Dear Customer, You're 100% Pre-Approved for Credit Up to Rs. 1 Lakh* Sign Up for Flipkart Pay Later & Get Rs. 100* Gift Card http://fkrt.it/fVgMNGuuuN;['promotional']
271;Order confirmed! Reach Restaurant Name: Roll Xpress Phone: +911725005004 Address: http://www.google.com/maps/place/30.73419,76.753433 Order ID: 3956929199 Please restart your app if you are unable to see the order;['transactional']
272;<#> Shadowfax Id is 150762411 6gW4yAjEoWG;['otp']
273;Hi 62803681XX, MUM vs PUN T20 Match on MY11circle Prize Pool - 6,42,34,620 (6.42CR) Entry Fees - 49 Win Now - SR7.in/I3845-17656D046;['promotional']
274;Congrats 62803681XX, Rs.1500 Welcome Bonus. MUM vs PUN, T20 Match on My11Circle. Prize Pool - 6,42,00,000 (6.42Cr). Join - http://2lm.in/4dG4Ce;['promotional']
275;Hi, you have exceeded the total credit limit of INR 0 on your Bajaj Finserv RBL Bank SuperCard (XXXX07). Applicable Overlimit fee will be levied on your account. Current outstanding balance is INR 0.00. We request you to make an interim payment to enjoy uninterrupted services.;['transactional']
276;Special Offer: Rs.30 instant cash, Win 1st prize: Rs.2.02 Crore Guaranteed on IND T20 League only on My11Circle. Offer ends 14th APR 11:59 PM. Join Now - https://bit.ly/32iaK4N;['promotional']
277;"Rs.1500 Welcome Bonus. HYD vs GUJ, T20 Match on My11Circle. Prize Pool - 6,63,00,000(6.63Crores). Join -   http://1kx.in/OI8z3rWi9dM""";['promotional']
278;DROPPING the beat and the prices! Moved your wishlist to the cart yet? Shop Now: https://bit.ly/3KAqQKb;['promotional']
279;Your Stock broker 5PAISA CAPITAL LIMITED. reported your fund balance Rs.-147.71 & securities balance 0 as on end of 26-feb-2022. Balances do not cover your bank, DP & PMS balance with broking entity. Check details at SSK362861@GMAIL.COM. If email Id not correct, kindly update with your broker - National Stock Exchange;['transactional']
280;Congrats 62803681XX, Rs.1500 Welcome Bonus. CHN vs BAN, T20 Match on My11Circle. Prize Pool - 6,34,00,000 (6.34Cr). Join - http://2lm.in/LbMJEJ;['promotional']
281;<#>5912 is your Mitra verification code. Please do not share this with anyone.;['otp']
282;Get ready like Shraddha Kapoor in her Favourite Styles available at INDYA. Explore SS22, skirt sarees, tunic dresses, etc. STOP xeno.in/o/bfgg;['promotional']
283;Get FLAT 40% OFF on paid service at Maruti Mohali in HAPPY HOURS 4PM TO 7PM. Visit https://bit.ly/3Hek1Mg or call us at 9915003004 With Regards CM Auto sales;['promotional']
284;90% daily data quota used as on 11-Apr-22 23:39.Jio Number : 6280368198 For tips on how to manage data quota effectively, click https://youtu.be/ZFUDydctV78 If you do not have any other data plan, your internet speed will be reduced on consumption of 1.50 GB.To continue enjoying high speed internet, click https://www.jio.com/dl/data_voucher and recharge. Dial 1991, to know your current balance, validity, plan details and for exciting recharge plans.;['alert','transactional']
285;Ok;['personal']
286;You have exhausted your daily SMS quota from Rs 239-1m-1.5GB/D for Jio number 6280368198 as on 11-Apr-22 22:45. ;['alert']
287;You will be able to send SMS from your daily SMS quota again by 12-Apr-22 00:00. Currently, you will be charged as per Standard SMS rates of your current plan and it will be charged from your Account Balance. Kindly do a top-up to continue enjoying SMS service. ;['alert','transactional']
288;You have consumed 90% of the daily 100.0 Units SMS quota from Rs 239-1m-1.5GB/D on Jio Number 6280368198 as on 11-Apr-22 22:44. Current SMS Balance : 10.0 Units Validity : 12-Apr-22 00:00 After using 100% of your SMS quota, you will be charged as per Standard SMS rates and it will be charged from your Account Balance. To check your account balance, click www.jio.com/fup Dial 1991, to know your current balance, validity, plan details and for exciting recharge plans.;['alert','transactional']
289;As per government regulation, you are allowed to send only 100 free SMS's per day and you have already exhausted that limit on Jio Number 6280368198. You will be able to send your next SMS after 00:00 hrs tonight in case you do not have any account balance.;['government']
290;You reached 90% of your daily SMS limit. You can be blocked till midnight.;['alert']
291;You reached 70% of your daily SMS limit.;['alert']
292;You have consumed 50% of the daily 100.0 Units SMS quota from Rs 239-1m-1.5GB/D on Jio Number 6280368198 as on 11-Apr-22 21:20. Current SMS Balance : 50.0 Units Validity : 12-Apr-22 00:00 To know more on how to manage your Jio account, click https://youtu.be/SZpJCHV4gdg Dial 1991, to know your current balance, validity, plan details and for exciting recharge plans.;['alert','transactional']
293;Your SBI Debit Card ending with 8981 dispatched on 11042022 thru Speed Post No. EB049769289IN. Please follow instructions on welcome letter to generate your PIN;['alert','transactional']
294;Your VPA sanju39chd@okaxis linked to Indian Bank a/c no. XXXXXX4658 is debited for Rs.1500.00 and credited to shreyajain2799@okaxis (UPI Ref no 210157481705).-Indian Bank;['alert','transactional']
295;Indriver has requested money from you on PhonePe. Rs.100 will be debited from your account on approving the request - https://phon.pe/jqvkz365;['transactional']
296;75410 is your one time password to proceed on PhonePe. It is valid for 10 minutes. Do not share your OTP with anyone. ;['otp']
297;Congrats 62803681XX, Rs.1500 Welcome Bonus. HYD vs GUJ, T20 Match on My11Circle. Prize Pool - 6,63,00,000 (6.63Cr). Join - http://1kx.in/AX3mrD;['promotional']
298;Your VPA sanju39chd@okaxis linked to Indian Bank a/c no. XXXXXX4658 is debited for Rs.500.00 and credited to shreyajain2799@okaxis (UPI Ref no 210147788401).-Indian Bank;['alert','transactional']
299;Hi SARBJEET KAUR, please spare a few minutes of your time to share feedback on your recent Bajaj Finserv RBL Bank SuperCard bill payment experience at https://acs4.tc/1BRBqLNtpf;['promotional']
300;Thank you for being an active user of the MyJio App. In order to enable us to provide you with the best digital experience, please share your feedback on MyJio app by clicking www.jio.com/r/IkFaOHdek . Thank you, Team Jio;['promotional']
301;Hi sanju, your 50% Discount is expiring soon! Join KOL vs DC before 3:30pm & WIN BIG on Dream11! Play now: dream11.com/leagues;['promotional']
302;<#> Shadowfax Id is 150114314 6gW4yAjEoWG;['otp']
303;Hi SARBJEET KAUR, please spare a few minutes of your time to share feedback on your recent Bajaj Finserv RBL Bank SuperCard bill payment experience at https://acs4.tc/1Eh21nM2dC;['promotional']
304;Hi 62803681XX, RPL 11 Finale on Junglee Rummy! Prize Pool: 2,50,00,000 (2.5CR) Entry Fees -  Win Now - http://1kx.in/OcZrvWer7z1;['promotional']
305;Dear Customer as per TRAI regulation, if you are not a registered Telemarketer, sending commercial/promotional SMS may lead to withdrawal of services.;['government']
306;5PAISA CAPITAL at EOD 26/03/2022 reported your Fund bal Rs -147.710 & Securities bal 0. This excludes your Bank, DP and PMS bal with the broker-BSE;['alert','transactional']
307;Attention required! Payment for your Bajaj Finserv RBL Bank SuperCard ending with XXXXXXXXXXXXXXX8507 is due immediately. Total Amount Overdue: 1178 Minimum Amount Due: 379 Visit https://rzp.io/i/BUzzvCF7 to pay now.;['transactional']
308;Be aware of Cyber Crime. In case of any incident of Cyber Crime, dial 1930 & register your complaint at https://www.cybercrime.gov.in/ - CBI Chandigarh;['alert','government']
309;"Congrats 62803681XX, Rs.1500 Welcome Bonus. LSG vs DEL, T20 Match on My11Circle. Prize Pool - 6,82,00,000 (6.82Cr). Click - http://2lm.in/XMzdqr""";['promotional']
310;Attention required! Payment for your Bajaj Finserv RBL Bank SuperCard ending with XXXXXXXXXXXXXXX8507 is due immediately. Total Amount Overdue: 1178 Minimum Amount Due: 379 Visit https://rzp.io/i/lpkRN4WAd to pay now.;['transactional']
311;"Hi 62803681XX, LSG vs DEL T20 Match on MY11circle Prize Pool - 6,98,00,000 (6.98CR) Entry Fees - 49 Win Now - SR7.in/I333E-17656D046""";['promotional']
312;Paid Rs.352.82 to Vodafone Idea Ltd from Paytm Balance. Updated Balance: Paytm Wallet- Rs 0. More Details: https://paytm.me/qc-vCoG;['transactional']
313;SMS BLOCK to +91-9289592895 to block all digital channel transactions if the current transaction is not done by you -IndianBank;['transactional']
314;Rs.352.82 spent on POS/Ecom using IB Debit card on 07/04/22 12:33 at PAYTM Noida   from Ac:XXX182465. Bal:418.03 CR -IndianBank;['alert','transactional']
315;OTP for Online Transactions on your Indian Bank Debit Card 4988 is JXS-177988.This is valid for the next 5 min.Dt 07-04-22 12.32;['alert','transactional']
316;Paid Rs.352.82 to Vodafone Idea Ltd from Paytm Balance. Updated Balance: Paytm Wallet- Rs 0. More Details: https://paytm.me/xw-HwKJ;['transactional']
317;We received payment of Rs 352.82 for 9356965058 by CC. Txn ID PTViApp-POS3973353985455058-1. Amt to be credited in 30 mins. Track usage on Vi app - https://bit.ly/VI_App;['transactional']
318;8301 is the One Time Password (OTP) to allow your mobile number to be added as secondary profile of 9356865058 in the Vi App. This OTP is valid for next 3 minutes. ;['otp']
319;OTP for Online Txn INR 395.30 at PAYTM on Indian Bank Debit card ending 4988 is 148426. Valid for 3min. Dt 07-04-2022 12:00:41. Do Not Disclose.;['otp','transactional']
320;LUC vs DEL T20 Match is live on Howzat. Win up to 48,00,000 (48lacs) + Tata Punch Car. Click - SR7.in/I32E0-17656D046;['promotional']
321;Your  Free Ticket is waiting. Use it now to play KOLvsMUM match and win huge cash Prizes. Redeem now: bit.ly/37kNkjA - MPL;['promotional']
322;Payment Overdue! Total Amount of Rs.1178.82 on RBL Bank Credit Card (xx07) was due by 01/04/22. Pay min of Rs.379.82 immediately at bit.ly/2TDeg5K . Ignore if paid.;['transactional']
323;Dear Customer, You have a missed call from +918037496743 . The last missed call was at 05:29 PM on 06-Apr-2022 . Thankyou, Team Jio.;['alert']
324;<#> 935748 is your MyIICircle verification OTP. This OTP will expire in 15 mins. Do not share it with anyone. jqGJAo0U/9w;['otp']
325;I'll call you right back.;['personal']
326;215157 is the OTP for payout link of INR 208.00 from RazorpayX account Vahan Technologies India Priva. OTP is valid till 13:42:32.000 IST. Do not share with anyone.;['otp']
327;Vahan Technologies India Priva is requesting your account details to process Mitra Rewards of Rs. 208. You can visit this link to submit details to receive funds: https://rzp.io/i/ftK33BhteV;['promotional']
328;NEXTBILLION TECHNOLOGY at EOD 19/03/2022 reported your Fund bal Rs 0.670 & Securities bal 0. This excludes your Bank, DP and PMS bal with the broker-BSE;['alert','transactional']
329;Time to upgrade your car. Get Free evaluation of your car & get best offers on new Maruti car. Call CM Auto 8284800731 or Visit https://bit.ly/3Hek1Mg;['promotional']
330;Beware while dealing based on unsolicited tips through Whatsapp, telegram, SMS, calls, etc. and take an informed decision. Visit https://bit.ly/38A0nIP -NSE;['alert','government']
331;The first KEVENTERS Cafe is now open at Apple Heights, Zirakpur. First 20 daily customers between 1-7 Apr get 15 FREE Milkshake. Opens at 10am. Offer ends soon;['promotional']
332;Please text me.;['personal']
333;Join the MPL Rummy Tournament & leaderboard contests & win upto Rs.10 Crore. Hurry, play now: bit.ly/mplrmy;['promotional']
334;Sonalimasta@gmail.com ;['personal']
335;Hi Aspirants, U are selected for your W0rk from Home j0b offer. receive your daily salary 9800 . Detail: https://wa.me/66631019576 byClickHereToprankers;['promotional']
336;Alert: On receiving any unwanted SMS, please complain by calling 1909 or send SMS on 1909 in format SMS Content, Sender No., dd/mm/yy' or visit https://bit.ly/VI_DND2;['alert']
337;Your mobile OTP for SSC Registration is 7451.  Treat this as confidential. Do not share the OTP with anyone for security reasons. Regards, SSC Team;['otp']
338;Join the MPL Power Points leaderboard contests & win upto Rs.15 lakh weekly. Hurry, play now: bit.ly/3DhN14W;['promotional']
339;Hi Sanju, welcome to Mitra! Download the app now to complete your onboarding, view your daily earnings and much more: https://vahanmitra.page.link/App-Download-SMS;['promotional']
340;Attention required! Payment for your Bajaj Finserv RBL Bank SuperCard ending with XXXXXXXXXXXXXXX8507 is due immediately. Total Amount Overdue: 1178 Minimum Amount Due: 379 Visit https://rzp.io/i/KnomsY3f to pay now.;['alert','transactional']
341;Your Balance enquiry for Indian Bank Account has failed due to INVALID UPI-PIN. Kindly enter valid PIN.-Indian Bank;['alert','transactional']
342;Your subscription ends TODAY! Relax,you will never get such messages from us because Vi Movies & TV has unlimited films for U - https://bit.ly/Vimtv-d3 .T&C;['promotional']
343;Your VPA sanju39chd@okaxis linked to Indian Bank a/c no. XXXXXX4658 is debited for Rs.30.00 and credited to paytmqr2810050501011kuo2mbh73gx@paytm (UPI Ref no 209347387005).-Indian Bank;['alert','transactional']
344;Use 3001 to verify your Olaparty account.;['otp']
345;Alert:Beware of fraudsters sending SMS citing your SIM block / suspension / KYC /Document verification pending. DO NOT CALL BACK as they may ask you to download Apps to access your mobile phone and may get confidential information including OTP. Do not respond to SMS from unknown numbers, asking for such information other than from our official SMS ID - ViCARE. Avoid falling victim to such frauds, block these numbers and report to https://cybercrime.gov.in;['alert']
346;Dear Customer, You have a missed call from +918054095516 . The last missed call was at 01:43 PM on 02-Apr-2022 . Thankyou, Team Jio.;['alert']
347;Use of Telecom Services (Call/SMS/Internet) by Indian Citizens through SIM cards of foreign telecom service providers in India is violation of Indian Telegraph Act, 1885. Any citizen found using such services is liable to punishment as per provisions of Applicable Acts/Rules/Laws. Indian Citizens are advised not to use such unauthorized SIMs/telecom services and use SIMs/telecom services of an Indian Telecom Service Providers only like Vi.;['alert','government']
348;Get up to 50% Rakeback during match hours on 100+ rummy tables. Valid only till 30th April. Hurry, don't miss out: bit.ly/3wLqOeC -MPL;['promotional']
349;<#> 3129 is your Disney+ Hotstar verification code. Enjoy watching! /wAX/OsgZgE;['otp']
350;5PAISA CAPITAL at EOD 12/03/2022 reported your Fund bal Rs -147.710 & Securities bal 0. This excludes your Bank, DP and PMS bal with the broker-BSE;['alert','transactional']
351;NEXTBILLION TECHNOLOGY at EOD 12/03/2022 reported your Fund bal Rs 0.670 & Securities bal 0. This excludes your Bank, DP and PMS bal with the broker-BSE;['transactional']
352;Are You Ready for Today's T20 Match KKR vs PBKS - Get 500% Bonus to Play & Win Lakhs Every Hour on Betadda .com. Play Now - http://1kx.in/thd0Sr;['promotional']
353;Dear 62803681XX, KOL vs PUN, Indian T20 League Match on My11cirlce. First Prize - 1.5Crores Click - http://1kx.in/LYHSkk;['promotional']
354;Unlocking crazy wins in 3,2,1...Play Ludo Win and win upto Rs. 2.5 Crore in National Ludo Series: bit.ly/3wNNpXT - MPL;['promotional']
355;Hi! Click t.gi9.in/YSu1Y to explore the pre-approved Card Upgrade facility on your Bajaj Finserv RBL Bank SuperCard(xx07). T&Cs apply.;['promotional']
356;Dear Customer, You have a missed call from +917082282508 . The last missed call was at 12:34 PM on 01-Apr-2022 . Thankyou, Team Jio.;['alert']
357;Dear 62803681XX, KOL vs PUN match with A23 Fantasy. Create your team now and win from a Rs.20,00,000 (20lac) prize pool. Click http://2lm.in/Anc7SO;['promotional']
358;Your application to join as a Delivery Partner is pending. To get started, click on: shorturl.at/kqtB2;['promotional']
359;On 31/03/22,SBICAP SECURITIES LTD was registered as Power of Attorney in your demat a/c no xxxx9154.. NSDL.;['government','transactional']
360;The first KEVENTERS Cafe is now open at Apple Heights, Zirakpur. First 20 daily customers between 1-7 Apr get 15 FREE Milkshakes. Opens at 10am. bit.ly/kevmap;['promotional']
361;Hi Sanju Kumar, make the most of the final few days before the D-day with the Aakash BYJU'S JEE Main Mock Test 2022. Register - byju.me/Reg-JEE;['promotional']
362;Congratulations! Now Triple you'r money up to ?10,000 Register for FREE Join Now:< vb.pcb3.in/c2u6s4ViL;['promotional']
363;Unlock ZEE5, Voot Select, Sun NXT & more on Vi Movies & TV app! T&C apply. Just click https://bit.ly/Vimtv-d3 ;['promotional']
364;Join the MPL Rummy Tournament & leaderboard contests & win upto Rs.10 Crore. Hurry, play now: bit.ly/mplrmy;['promotional']
365;Nykaa will never contact you for cash prizes or request a password/PIN/CVV. Please don't share such details with anyone. It may lead to fraudulent transactions.;['alert','transactional']
366;Congrats 62803681XX, KOL vs BAN, T20 Match on My11cirlce. Prize Pool - 4,55,00,000 (4.5Crores) Click - http://1kx.in/OI8z3rWi9dM;['promotional']
367;Dear 62803681XX, HYD vs RAJ match with A23 Fantasy. Create your team now and win from a Rs.20,00,000 (20lac) prize pool. Click http://2lm.in/uZTN26;['promotional']
368;Alert! Total Amount Due on RBL Bank Credit Card(xx07) is Rs.1178.82 & Min Amount Due is Rs.379.82. Pay by 01/04/22 at bit.ly/2TDeg5K . Ignore if paid.;['alert','transactional']
369;Congrats 62803681XX, HYD vs RAJ, T20 Match on Howzat!. Prize Pool - 1,00,00,000 (1cr) + Tata Nexon Win Now - http://2lm.in/xtwako;['promotional']
370;Join the MPL Power Points leaderboard contests & win upto Rs.15 lakh weekly. Hurry, play now: bit.ly/3DhN14W;['promotional']
371;Hi Sanju Kumar, level up your performance for JEE Main 2022 with Aakash BYJU'S JEE Main Mock Test. Register now for Free byju.me/Reg-JEE;['promotional']
372;Get FLAT 40% OFF on paid service of Maruti car in HAPPY HOURS 4PM TO 7PM. Visit https://bit.ly/3Hek1Mg or call us at 9915003004 With Regards CM Auto sales;['promotional']
373;NEXTBILLION TECHNOLOGY at EOD 05/03/2022 reported your Fund bal Rs 0.670 & Securities bal 0. This excludes your Bank, DP and PMS bal with the broker-BSE;['alert','transactional']
374;5PAISA CAPITAL at EOD 05/03/2022 reported your Fund bal Rs -147.710 & Securities bal 0. This excludes your Bank, DP and PMS bal with the broker-BSE;['transactional']
375;We have credited Rs. 5 in your wallet. Use it to play Rummy. Win upto Rs. 10000 real cash on spinwheel everyday this GIGL. Play now: bit.ly/3L4xZ5m -MPL;['promotional']
376;Zero balance saving account online! Open an 811 bank account in just 5 minutes, enjoy unlimited benefits now: https://bit.ly/2WcVKYC3 T&C Apply -Kbank ;['promotional','transactional']
377;Dear 62803681XX, PUN vs BLR match with A23 Fantasy. Create your team now and win from a Rs.20,00,000 (20lac) prize pool. Click http://2lm.in/AjFYL2;['promotional']
378;Play for Rs.1 LAKH GTD winnings, win Rs.10k as 1st prize in 1 Pe 1 Lakh Rummy Tournament! Join with Rs.1. Starts at 9 PM. Register now: bit.ly/37XPHsV -MPL;['promotional']
379;Congrats 6280368198 Rs.5000 Bonus on MY11Circle CHE vs KOL WIN First Prize 1.5Cr Today! Create Your Team vb.pcb3.in/c2u6s4VhG;['promotional']
380;Get JioFiber & Enjoy Devotional content from Jiotv+. Get Free Access to Premium spritual apps & also watch live Darshan from Home ZERO ENTRY COST! No Security Deposit & Installation Charges on Postpaid Plans. Click www.jio.com/r/sTLHqi845 to register;['promotional']
381;Special Offer: Rs.15 instant cash, Win 1st prize: Rs.1.51 Crore Guaranteed on IND T20 League only on My11Circle. Offer ends tomorrow. Join Now - https://bit.ly/COL_15;['promotional']
382;Special Offer: Rs.30 instant cash, Win 1st prize: Rs.1.51 Crore Guaranteed on IND T20 League only on My11Circle. Offer ends tomorrow. Join Now - https://bit.ly/COL_15;['promotional']
383;Dear JEE Aspirant, don't miss the chance to scale up your performance. Register for Aakash BYJU'S JEE Main Mock Test today! byju.me/Reg-JEE;['promotional']
384;Hi there, Are you ready for your holiday expeditions this summer? Croma has special offers on Travel Essentials, stock up now! TC resu.io/5VU23EQIFBHkQ;['promotional']
385;Nykaa's Makeup Fest is LIVE! UPTO 50% OFF on your fave brands like M.A.C, Lakme, Maybelline & more HERE> 1kx.in/tnhzFn;['promotional']
386;Welcome to Vi Haryana. Stay connected with Vi while you roam. Enjoy free incoming calls. Outgoing Calls & Data will be charged as per your tariff plan. Our customers on Entertainment Postpaid plan ALSO enjoy free outgoing calls and Data (as per quota), anywhere in India. Enable Data Roaming on your mobile to enjoy superior Vi 4G experience. To check your plan details, click https://bit.ly/Vi_App1;['promotional']
387;Welcome to Jio-Haryana. Kindly enable Data Roaming to use data services. 4G Data, Voice & SMS benefits will be as per your plan.;['promotional']
388;Your registration for Google Pay app has started. To avoid financial loss, do not share your card details/OTP/CVV. Not you? Report to your bank - Axis Bank;['promotional','transactional']
389;Deposit Cash in your wallet expires soon! Hurry! Use it to play on MPL. Win upto 10000 real cash on Spinwheel everyday this GIGL. Play Now: bit.ly/3L4xZ5m;['promotional']
390;<#>Loadshare Rider App - Your Loadshare RiderApp verification code is 8582 - LODSHR Message ID: 6jla8W/L+g6;['otp']
391;<#> Atlas Earn - Your Atlas Earn verification code is 8666 - LODSHR Message ID: wK4EIs30DpO;['otp']
392;We have credited Rs. 5 in your wallet. Use it to play Rummy. Win upto Rs. 10000 real cash on spinwheel everyday this GIGL. Play now: bit.ly/3L4xZ5m -MPL;['promotional']
393;5PAISA CAPITAL at EOD 26/02/2022 reported your Fund bal Rs -147.710 & Securities bal 0. This excludes your Bank, DP and PMS bal with the broker-BSE;['promotional']
394;<#> 3816 is your Disney+ Hotstar verification code. Enjoy watching! /wAX/OsgZgE;['alert','transactional']
395;Your VPA sanju39chd-1@okhdfcbank linked to Indian Bank a/c no. XXXXXX4658 is debited for Rs.20.00 and credited to paytmqr2810050501011kuo2mbh73gx@paytm (UPI Ref no 208347230182).-Indian Bank;['alert','transactional']
396;<#> Your Shadowfax OTP for login is 911407 6gW4yAjEoWG;['otp']
397;Your VPA sanju39chd-1@okhdfcbank linked to Indian Bank a/c no. XXXXXX4658 is debited for Rs.25.00 and credited to jio@yesbank (UPI Ref no 208234489375).-Indian Bank;['alert','transactional']
398;100% of daily 1.50 GB data quota exhausted as on 23-Mar-22 19:16. Jio Number : 6280368198 Daily high speed data quota will be restored on 24-Mar-22 01:19. Now you can continue enjoying high speed data by taking an EMERGENCY DATA VOUCHER and pay later. You can borrow 2 GB in form of data vouchers worth Rs.25 . To get EMERGENCY DATA VOUCHER, click https://www.jio.com/dl/edv (Not applicable on JioPhone).;['alert','transactional']
399;To know where you have consumed your data quota, click http://tiny1.jio.com/HelpfulTips;['promotional']
400;Dear Customer, You're pre-approved for instant credit up to Rs.70,000*. Buy Now & Pay Later with Flipkart Pay Later ;['promotional']
401;19 missed calls from wife- to tell you to watch Apharan 1,2 & win iPhone 12! Just answer few questions on Vi Movies & TV app! T&C. Click https://bit.ly/Vimtv-d3;['alert']
402;Paytm login detected from a new device at 03:07 PM, 23 Mar. Not you? To logout from all devices, click: https://ap.p-y.tm/HpoxVX or report fraud @1800120130;['alert']
403;Use 4692 to verify your Olaparty account.;['otp']
404;Dear Customer, You have 3 missed calls from +12546200384 . The last missed call was at 01:23 PM on 23-Mar-2022 . Thankyou, Team Jio.;['alert']
405;payoff Dear user, your loan application has been approved, the limit is 200,000Rs, please log in the APP to check. Link: https://bit.ly/3Jxydl2 PCP;['alert','transactional']
406;Dear Customer, 425415 is your one time password (OTP). Please enter the OTP to proceed. Thank you, Team Jio;['otp']
407;Alert! Changes in Rent payments via RBL Bank Credit Card w.e.f. 08/02/22: only 1 Transaction/month (Rs.5000 or more) & up to 50% of Credit Limit will be allowed;['alert','transactional']
408;IMPORTANT:Beware of the fraudulent messages asking to you call any number for verification/download any app to update your KYC/Aadhaar details. Jio never asks you to download any third party app for such activities. Please stay alert from such SMS/calls as this may result in financial loss. Stay safe. Team Jio;['alert']
409;Rs. 15 , added just for you! We've credited your Junglee Rummy account so you can play cash games! Hurry & Play now: https://jrum.my/DQn5X;['promotional']
410;Dear Customer, You have a missed call from +917589833660 . The last missed call was at 12:36 PM on 22-Mar-2022 . Thankyou, Team Jio.;['alert']
411;Good News!!;['personal']
412;"""Dear Customer, You are now eligible for 20% cashback in JioMart Maha Cashback Program. The cashback will be credited to your Reliance One account linked with mobile no. within next 3 days. Redeem cashback on your next purchase. T&C apply. Team JioMart";['alert','transactional']
413;https://www.facebook.com/tilak.vishnukarma/videos/506498184434810/;['spam']
414;Your plan Rs 209-28D-1GB/D for Jio Number 6280368198 has expired on 22-Mar-22 06:15 Hrs. To continue enjoying Jio services, recharge immediately. To recharge, click https://www.jio.com/selfcare/recharge, Dial 1991, to know your current balance, validity, plan details and for exciting recharge plans.;['alert','transactional']
415;Your MRP 61 for Jio Number 6280368198 has expired on 22-Mar-22 06:15 Hrs. To recharge, click https://www.jio.com/dl/data_voucher  Dial 1991, to know your current balance, validity, plan details and for exciting recharge plans.;['alert','transactional']
416;HDFC Bank: You have successfully registered for UPI payment on Google Pay. If not you, please report immediately to your bank. Do not share your card details/OTP/ATM PIN with anyone.;['alert','transactional']
417;Speak as if you are there. Airdopes 411 ANC is packed with ENx Tech & ANC. Coming Soon @ just Rs.1999. Get notified https://bit.ly/34VShyq  Team boAt;['promotional']
418;<#> OTP for YONO transaction in SBI is 721783. Do not share it with anyone by any means. This is confidential and to be used by you only. mMW8GBrsvJF;['otp']
419;I'll call you right back.;['personal']
420;Dear Customer, another user has used Your mobile device but with a different mobile number for YONO SBI registration. In case of any query, please visit branch.;['alert']
421;Hurry! Recharge Jio no.6280368198 on PhonePe & get rewards upto Rs.500 each on first 4 recharges for self & family. Recharge with Rs.209 plan (Data 1GB/day, Voice Unlimited Validity 28 days) or more. T&CA. Click https://phon.pe/jion1;['alert','transactional']
422;Important! UPI PIN should be entered only at the time of making the payment. You should not provide your UPI PIN for receiving payment. Beware of Fraudulent collect request sent to you by a stranger. Stay Alert and Stay Safe. - SBI Infosec Team;['transactional']
423;<#> Your WhatsApp Business account is being registered on a new device, Do not share this code with anyone, Your WhatsApp Business code: 553-569 rJbA/XP1K+V;['otp']
424;657188 is OTP for HDB OnTheGo activation.Do not share OTP for security reasons - HDB FINANCIAL SERVICES LIMITED;['otp']
425;Dear Student, stand a chance to get a complimentary Crash Course for JEE Main May Session. Register for Aakash BYJU'S JEE Main Mock Test at byju.me/Reg-JEE;['promotional']
426;026178 is OTP for HDB OnTheGo activation.Do not share OTP for security reasons - HDB FINANCIAL SERVICES LIMITED;['otp']
427;Your plan for Jio number 6280368198 is expiring tomorrow. Recharge IMMEDIATELY to enjoy continued services.;['promotional']
428;DO NOT SHARE: Your Google Pay OTP is 659382. Message ID: f6f01vO3FNp;['otp']
429;The clock is ticking! Get Rockerz 255 Neo & enjoy BEAST Mode & ASAP Charge. Bring it home @ Rs.999 Hurry Now: https://bit.ly/37MgUPl, Team boAt;['promotional']
430;And plz don't txt me ;['personal']
431;I didn't know you ;['personal']
432;And what's your name ;['personal']
433;Where did you see me ;['personal']
434;Who r u;['personal']
435;Sry,  Who are you;['personal']
436; you for being an active user of the MyJio App. In order to enable us to provide you with the best digital experience, please share your feedback on MyJio app by clicking www.jio.com/r/IchgU7k4F . Thank you, Team Jio;['promotional']
437;Hurry! Recharge Jio no.6280368198 on Paytm & get upto Rs.100 Cashback - Code JIO100 each time for self & family. Flat Rs.30 Cashback for New User - Code JIONEW30. Recharge with Rs.209 plan (Data 1GB/day, Voice Unlimited Validity 28 days) or more. T&CA. Click https://paytm.me/1x-a0Ed;['alert','transactional']
438;Dear User, Welcome to Indian Bank Mobile Banking!! Login to your IndOASIS application to explore the wide range of facilities and enjoy our exclusive benefits-Indian Bank.;['transactional']
439;Your A/c XXX1824658 is debited by Rs. 0 Bal after Debit Rs. 371.40 CR MIN BAL NOT MAINTAINED.PL MAINTAIN. CR as on:20/03/2022 11:39 -IndianBank;['transactional']
440;Important! UPI PIN should be entered only at the time of making the payment. You should not provide your UPI PIN for receiving payment. Beware of Fraudulent collect request sent to you by a stranger. Stay Alert and Stay Safe. - SBI Infosec Team;['alert','transactional']
441;For any assistance on Vi, reach us via: 1)Vi App: bit.ly/GetVIApp4 2)WhatsApp: https://wa.me/message/VNHV5CJXSY6WD1 & say Hi 3)Vi website: www.myvi.in 4)Dial 199. If not happy with our resolution, you can contact appellate at 198.;['promotional']
442;You have initiated the registration for UPI payments on PhonePe. If this is not you, please report it to your bank immediately to avoid any loss of money.;['transactional']
443;Dear sanju. You have successfully registered your PhonePe account on this device.;['alert']
444;24160 is your one time password to proceed on PhonePe. It is valid for 10 minutes. Do not share your OTP with anyone. XC1xEZ+TDtj;['otp']
445;https://amazon.in/a/c/r/gzilIO7UcI34CfCmjm5EAt10Y  Amazon: Sign-in attempt from CH, IN. Tap link to respond;['promotional']
446;<#> Use OTP 535538 to login to your account on Flash. Message ID: 8G9OmZpYn7N;['otp']
447;Late EMI payments can lead to your credit score getting affected. You'll also need to pay extra charges. Don't wait, pay your Money View EMI now!;['alert','transactional']
448;Your Stock broker 5PAISA CAPITAL LIMITED. reported your fund balance Rs.0 & securities balance 0 as on end of 09-oct-2021. Balances do not cover your bank, DP & PMS balance with broking entity. Check details at KD14117@GMAIL.COM. If email Id not correct, kindly update with your broker - National Stock Exchange;['alert','transactional']
449;Dear SBI Customer, Rs.3000 withdrawn at HDF ATM P3DCCH33 from A/cX2977 on 25Oct21 Transaction Number 129813016307. Available Balance Rs.71. If not withdrawn by you, forward this SMS to 9223008333 / call 1800111109 or 09449112211 to block your card. Download YONO SBI. Use SBI ATMs.;['alert','transactional']
450;Short on cash? Apply with Upwards for Rs 300000 lakh - Min documentation and quick approval at lowest interest rate https://upwrds.in/231wl9ybQdb;['promotional','transactional']
451;Your Stock broker 5PAISA CAPITAL LIMITED. reported your fund balance Rs.0 & securities balance 0 as on end of 02-oct-2021. Balances do not cover your bank, DP & PMS balance with broking entity. Check details at KD14117@GMAIL.COM. If email Id not correct, kindly update with your broker - National Stock Exchange;['alert','transactional']
452;You only need a mobile phone and you can easily earn {1000-10000} Rs per day. Please click the whats-app link to contact us: wa.me/919198875638;['promotional']
453;Do you want to earn 3000 rupees a day? Register now and get 2000Rs cash advance and start making money, click the link to download: wa.me/919831126182;['promotional']
454;Bigger Savings assured with 10,000+ offers on Cards + Loans + EasyEMI. What's more? Up to 10X Reward Points / 5% CashBack via SmartBuy on Flipkart and Amazon. Keep your Aadhaar card handy & open your HDFC Bank Savings A/C right now: hdfcbk.io/a/aggER9e;['promotional']
455;Dear 7973XXXX59, WIN upto Rs 25 Lakhs! Spin the Jackpot & Win a Bullet Bike, Sachin's Signed Bat & much more only on Paytm First Games. m.paytm.me/fjk T&C;['promotional']
456;KAPSONS  is hiring for the jobs for salary upto  Rs. 25000 . Be the first to apply!  https://l.apna.co/x7hf7QJWTcb;['promotional']
457;Rs. 25,250, Rs. 25,250 , Rs. 25,250! Claim your reward money now on 1st add cash. https://bit.ly/2S4ZGoy;['promotional']
458;Congrats! Check instant credit eligibility upto Rs 30000/- with PAN Number No paperwork! 100% secure credit with Kissht Click: lnkt.in/u/x0JrvcIVT;['promotional']
459;Dear Customer, We recommend a new lender for you. Please apply on Fairmoney. Get Upto Rs. 50000 Loan Amount. Start Now tltx.in/bAPly -CreditHaat;['promotional']
460;Your Personal loan offer is waiting for you. Apply now and get disbursal within 48 hours, starting @ 10.25%.Click http://nc7.in/jYwubw here PSB;['promotional','transactional']
461;19695 is your one time password to proceed on PhonePe. It is valid for 10 minutes. Do not share your OTP with anyone.;['otp']
462;Dear Customer, +918708754713 is now available to take calls.;['alert']
463;Rs100.0 debited@SBI UPI frm A/cX2977 on 22Oct21 RefNo 129535840206. If not done by u, fwd this SMS to 9223008333/Call 1800111109 or 09449112211 to block UPI;['alert','transactional']
464;5PAISA CAPITAL at EOD 04/09/2021 reported your Fund bal Rs 0.000 & Securities bal 0. This excludes your Bank, DP and PMS bal with the broker-BSE;['alert','transactional']
465;Get personal loan starting as upto Rs 2.5 lakh. Disbursal in just 48 hrs. Low EMI. Paperless process. Apply now https://upwrds.in/231wl9ybQdb .;['promotional']
466;Hi! You are Pre-Qualified for a loan of Rs 5 Lacs from IIFL. Interest rates from 9.99%. T&C apply. Visit: http://bit.ly/2WlveJ2;['promotional']
467;Don't Miss Out the Karva Chauth Special Offers on Amartex! Best deals on Grocery & Household Items. Click here: https://bit.ly/amartexfamilymartapp T&C* Apply;['promotional']
468;Company name - Pidge, Office address : SCO 192/195, 1st floor, sector 16 ,Panchkula, Cont - 7986344874, Mrng - 10.00 Clock, Interview on 23 date;['alert']
469;Dear sir, we are hiring a team, you can work from home, daily salary: 8000 rupees, Accept Jobs on whats: wa.me/919957460204 SRNSHA;['promotional']
470;You got 30% OFF + Rs.50 instant cash to win an XUV 700 + Rs.10 Lakh in the Rs.75 Lakh MEGA League for IND vs PAK on Howzat. Join before the offer expires: weurl.co/ciTlAg;['promotional']
471;Time to invest in Bitcoin! Choose the trusted CoinDCX GO app! Free Bitcoin worth Rs.100. Use code: SPIN100 Download Now: b6g.in/s/Pga0iqTXEI;['promotional']
472;Your Personal loan offer is waiting for you. Apply now and get disbursal within 48 hours, starting @ 10.25%.Click rml.lu/2fbZSV here PSB;['promotional']
473;Congrats! Check instant credit eligibility upto Rs 30000/- with PAN Number No paperwork! 100% secure credit with Kissht Click: lnkt.in/u/R0mWLE6N8;['promotional']
474;Dear I am an project manager, we are hiring a team, you can work from home, daily salary: 900, Accept Jobs on whatsapp wa.me/+918697182538 THANKS SANKALP;['promotional']
475;Congrats! Check instant eligibility for up to Rs 300000 lakhs loan. Repay in easy EMIs. Min Docs required. Apply here https://upwrds.in/231wl9ybQdb Upwards;['promotional']
476;Need Immediate Financial Help Upto Rs 300000 Lakh? Apply for credit from Upwards. Click here https://upwrds.in/231wl9ybQdb;['promotional']
477;Unlock free Rs. 20 cashback on mobile recharge daily by accepting payments from Amazon customers. Valid till 19th Oct.TnC Apply. Click: https://amz.run/4xut (GIGIND);['promotional']
478;Dear parents ,(KISHORE)Part/Full-time Associates,I'm looking for an agent. Daily salary: 3000-15000 rupees contact: wa.me/919910392280;['promotional']
479;Dear 79730457XX, Diwali Finale2 on Junglee Rummy! First Prize: 10Lacs Win Now - http://1kx.in/rUWkrb;['promotional']
480;OnGrid verifier will visit for address verification for PharmEasy - Swifto - Delhi. Don't give money or send photos. Mail to feedback@ongrid.in for complaints.;['alert']
481;Unlock free Rs. 20 cashback on mobile recharge daily by accepting payments from Amazon customers. Valid till 19th Oct.TnC Apply. Click: https://amz.run/4xut (GIGIND);['promotional']
482;You are eligible for 1Cr Term Life Cover. Telemedical available. Also get online discount of upto 10%*. Click here rml.lu/Vyf1DV PSB;['promotional']
483;Your Personal loan offer is waiting for you. Apply now and get disbursal within 48 hours, starting @ 10.25%.Click https://infn.in/hSu8P here PSB;['promotional']
484;Dear DEVWART, we understand that the current situation of COVID19 continues. Please maintain sufficient balance in bank a/c to pay EMI of Rs 2031. for your Home Credit Loan 4003226505. For any help, use Mobile app bit.ly/2GOaDjx Stay Home, Stay Safe!;['alert','transactional']
485;Ranjit Dhanas:+919876948959;['personal']
486;Cancelled: Sorry, Craft World Back Cover... with order ID OD123018001201021000 has been cancelled as it could not be delivered even after multiple attempts. Please check your email for more details.;['promotional']
487;Ecom Express Executive 08046809000 PIN 95734 will deliver your Flipkart order 8694021098. Pay Rs 129.0(CASH,UPI,Payment Link). Code to refuse is 669228;['alert','transactional']
488;Want funds up to Rs 300000 Lakhs as soon as tomorrow ? Apply for a personal loan with Upwards ! https://upwrds.in/231wl9ybQdb;['alert','transactional']
489;Don't run out by month-end expenses. Apply for a loan of Rs 300000 lakh at Upwards for a 24-48 hour disbursal https://upwrds.in/231wl9ybQdb .;['alert','transactional']
490;Dlocal is requesting payment of Rs.79. Pay from your Bank Account linked on Paytm App now http://m.p-y.tm/UPIpas :PPBL;['alert','transactional']
491;86427 is your one time password to proceed on PhonePe. It is valid for 10 minutes. Do not share your OTP with anyone. , Team PhonePe;['otp']
492;Dear DEVWART, EMI of Rs 1841. for your Home Credit Loan 4104901255 is due on 17-10-21. Please maintain sufficient balance in your bank account to be eligible for future offers. You can chat with us at 1kx.in/rDoIBc;['alert','transactional']
493;Dear customer, transaction number 128504367547 for Rs16.00 by SBI Debit Card X6613 at 00218923 on 12Oct21 at 10:16:41. If not done forward this SMS to 9223008333 or call 18001111109/9449112211 to block card;['alert','transactional']
494;DO NOT share OTP with anyone. OTP for linking your Paytm account to Coda Payme.. is 940966 Not You? Report https://ap.p-y.tm/5k8u1M;['otp','transactional']
495;670716 is your OTP to access DigiLocker. OTP is confidential and valid for 10 minutes. For security reasons, DO NOT share this OTP with anyone.;['otp']
496;Bank transfer of Rs 175.00 to your a/c **2977, initiated on 12 OCT has been credited, with ref PYTM212854633171.Visit pytm.biz/Settlement. :Paytm;['alert','transactional']
497;Settlement of Rs 175.00, processed by Paytm on 12 OCT, is pending at your STATE BANK OF INDIA. Your money is safe and will settle in 3-5 business days.;['alert','transactional']
498;Rs.25.00 deducted from your settlement amount for SMS charges. Details: pytm.biz/PassbookList. Disable SMS & Avail free app alerts here https://b.paytm.me/ns;['promotional']
499;Pre-Approved offer of Rs. 300000 lakhs from Upwards. Disbursal in 24-48 hours. Minimum Docs. Click now https://upwrds.in/231wl9ybQdb;['promotional']
500;Count#1: Rs 200 paid by 87XXXX4713 at 7:57 PM. It will settle to your bank by 7 am tomorrow or you can transfer now.Visit b.paytm.me :Paytm;['alert','transactional']
